Layer	AUC
Relevance	0.99497487
Type	0.41142749
Type+Place	0.14129389
